,0
0,http://api.adzuna.com/v1/api/jobs/fr/search/1?app_id=37fe08af&app_key=17c1369ea8fb68bc48f834aebc0bec53&results_per_page=25&title_only=data%20engineer&max_days_old=30&content-type=application/json
1,http://api.adzuna.com/v1/api/jobs/fr/search/2?app_id=37fe08af&app_key=17c1369ea8fb68bc48f834aebc0bec53&results_per_page=25&title_only=data%20engineer&max_days_old=30&content-type=application/json
2,http://api.adzuna.com/v1/api/jobs/fr/search/3?app_id=37fe08af&app_key=17c1369ea8fb68bc48f834aebc0bec53&results_per_page=25&title_only=data%20engineer&max_days_old=30&content-type=application/json
3,http://api.adzuna.com/v1/api/jobs/fr/search/4?app_id=37fe08af&app_key=17c1369ea8fb68bc48f834aebc0bec53&results_per_page=25&title_only=data%20engineer&max_days_old=30&content-type=application/json
4,http://api.adzuna.com/v1/api/jobs/fr/search/5?app_id=37fe08af&app_key=17c1369ea8fb68bc48f834aebc0bec53&results_per_page=25&title_only=data%20engineer&max_days_old=30&content-type=application/json
5,http://api.adzuna.com/v1/api/jobs/fr/search/6?app_id=37fe08af&app_key=17c1369ea8fb68bc48f834aebc0bec53&results_per_page=25&title_only=data%20engineer&max_days_old=30&content-type=application/json
6,http://api.adzuna.com/v1/api/jobs/fr/search/7?app_id=37fe08af&app_key=17c1369ea8fb68bc48f834aebc0bec53&results_per_page=25&title_only=data%20engineer&max_days_old=30&content-type=application/json
7,http://api.adzuna.com/v1/api/jobs/fr/search/8?app_id=37fe08af&app_key=17c1369ea8fb68bc48f834aebc0bec53&results_per_page=25&title_only=data%20engineer&max_days_old=30&content-type=application/json
8,http://api.adzuna.com/v1/api/jobs/fr/search/9?app_id=37fe08af&app_key=17c1369ea8fb68bc48f834aebc0bec53&results_per_page=25&title_only=data%20engineer&max_days_old=30&content-type=application/json
9,http://api.adzuna.com/v1/api/jobs/fr/search/10?app_id=37fe08af&app_key=17c1369ea8fb68bc48f834aebc0bec53&results_per_page=25&title_only=data%20engineer&max_days_old=30&content-type=application/json
10,http://api.adzuna.com/v1/api/jobs/fr/search/11?app_id=37fe08af&app_key=17c1369ea8fb68bc48f834aebc0bec53&results_per_page=25&title_only=data%20engineer&max_days_old=30&content-type=application/json
11,http://api.adzuna.com/v1/api/jobs/fr/search/12?app_id=37fe08af&app_key=17c1369ea8fb68bc48f834aebc0bec53&results_per_page=25&title_only=data%20engineer&max_days_old=30&content-type=application/json
12,http://api.adzuna.com/v1/api/jobs/fr/search/13?app_id=37fe08af&app_key=17c1369ea8fb68bc48f834aebc0bec53&results_per_page=25&title_only=data%20engineer&max_days_old=30&content-type=application/json
13,http://api.adzuna.com/v1/api/jobs/fr/search/14?app_id=37fe08af&app_key=17c1369ea8fb68bc48f834aebc0bec53&results_per_page=25&title_only=data%20engineer&max_days_old=30&content-type=application/json
14,http://api.adzuna.com/v1/api/jobs/fr/search/15?app_id=37fe08af&app_key=17c1369ea8fb68bc48f834aebc0bec53&results_per_page=25&title_only=data%20engineer&max_days_old=30&content-type=application/json
15,http://api.adzuna.com/v1/api/jobs/fr/search/16?app_id=37fe08af&app_key=17c1369ea8fb68bc48f834aebc0bec53&results_per_page=25&title_only=data%20engineer&max_days_old=30&content-type=application/json
16,http://api.adzuna.com/v1/api/jobs/fr/search/17?app_id=37fe08af&app_key=17c1369ea8fb68bc48f834aebc0bec53&results_per_page=25&title_only=data%20engineer&max_days_old=30&content-type=application/json
17,http://api.adzuna.com/v1/api/jobs/fr/search/18?app_id=37fe08af&app_key=17c1369ea8fb68bc48f834aebc0bec53&results_per_page=25&title_only=data%20engineer&max_days_old=30&content-type=application/json
18,http://api.adzuna.com/v1/api/jobs/fr/search/19?app_id=37fe08af&app_key=17c1369ea8fb68bc48f834aebc0bec53&results_per_page=25&title_only=data%20engineer&max_days_old=30&content-type=application/json
19,http://api.adzuna.com/v1/api/jobs/fr/search/20?app_id=37fe08af&app_key=17c1369ea8fb68bc48f834aebc0bec53&results_per_page=25&title_only=data%20engineer&max_days_old=30&content-type=application/json
20,http://api.adzuna.com/v1/api/jobs/fr/search/21?app_id=37fe08af&app_key=17c1369ea8fb68bc48f834aebc0bec53&results_per_page=25&title_only=data%20engineer&max_days_old=30&content-type=application/json
21,http://api.adzuna.com/v1/api/jobs/fr/search/22?app_id=37fe08af&app_key=17c1369ea8fb68bc48f834aebc0bec53&results_per_page=25&title_only=data%20engineer&max_days_old=30&content-type=application/json
22,http://api.adzuna.com/v1/api/jobs/fr/search/23?app_id=37fe08af&app_key=17c1369ea8fb68bc48f834aebc0bec53&results_per_page=25&title_only=data%20engineer&max_days_old=30&content-type=application/json
23,http://api.adzuna.com/v1/api/jobs/fr/search/24?app_id=37fe08af&app_key=17c1369ea8fb68bc48f834aebc0bec53&results_per_page=25&title_only=data%20engineer&max_days_old=30&content-type=application/json
24,http://api.adzuna.com/v1/api/jobs/fr/search/25?app_id=37fe08af&app_key=17c1369ea8fb68bc48f834aebc0bec53&results_per_page=25&title_only=data%20engineer&max_days_old=30&content-type=application/json
25,http://api.adzuna.com/v1/api/jobs/fr/search/26?app_id=37fe08af&app_key=17c1369ea8fb68bc48f834aebc0bec53&results_per_page=25&title_only=data%20engineer&max_days_old=30&content-type=application/json
26,http://api.adzuna.com/v1/api/jobs/fr/search/27?app_id=37fe08af&app_key=17c1369ea8fb68bc48f834aebc0bec53&results_per_page=25&title_only=data%20engineer&max_days_old=30&content-type=application/json
27,http://api.adzuna.com/v1/api/jobs/fr/search/28?app_id=37fe08af&app_key=17c1369ea8fb68bc48f834aebc0bec53&results_per_page=25&title_only=data%20engineer&max_days_old=30&content-type=application/json
28,http://api.adzuna.com/v1/api/jobs/fr/search/29?app_id=37fe08af&app_key=17c1369ea8fb68bc48f834aebc0bec53&results_per_page=25&title_only=data%20engineer&max_days_old=30&content-type=application/json
29,http://api.adzuna.com/v1/api/jobs/fr/search/30?app_id=37fe08af&app_key=17c1369ea8fb68bc48f834aebc0bec53&results_per_page=25&title_only=data%20engineer&max_days_old=30&content-type=application/json
30,http://api.adzuna.com/v1/api/jobs/fr/search/31?app_id=37fe08af&app_key=17c1369ea8fb68bc48f834aebc0bec53&results_per_page=25&title_only=data%20engineer&max_days_old=30&content-type=application/json
31,http://api.adzuna.com/v1/api/jobs/fr/search/32?app_id=37fe08af&app_key=17c1369ea8fb68bc48f834aebc0bec53&results_per_page=25&title_only=data%20engineer&max_days_old=30&content-type=application/json
32,http://api.adzuna.com/v1/api/jobs/fr/search/33?app_id=37fe08af&app_key=17c1369ea8fb68bc48f834aebc0bec53&results_per_page=25&title_only=data%20engineer&max_days_old=30&content-type=application/json
33,http://api.adzuna.com/v1/api/jobs/fr/search/34?app_id=37fe08af&app_key=17c1369ea8fb68bc48f834aebc0bec53&results_per_page=25&title_only=data%20engineer&max_days_old=30&content-type=application/json
34,http://api.adzuna.com/v1/api/jobs/fr/search/35?app_id=37fe08af&app_key=17c1369ea8fb68bc48f834aebc0bec53&results_per_page=25&title_only=data%20engineer&max_days_old=30&content-type=application/json
35,http://api.adzuna.com/v1/api/jobs/fr/search/36?app_id=37fe08af&app_key=17c1369ea8fb68bc48f834aebc0bec53&results_per_page=25&title_only=data%20engineer&max_days_old=30&content-type=application/json
36,http://api.adzuna.com/v1/api/jobs/fr/search/37?app_id=37fe08af&app_key=17c1369ea8fb68bc48f834aebc0bec53&results_per_page=25&title_only=data%20engineer&max_days_old=30&content-type=application/json
37,http://api.adzuna.com/v1/api/jobs/fr/search/38?app_id=37fe08af&app_key=17c1369ea8fb68bc48f834aebc0bec53&results_per_page=25&title_only=data%20engineer&max_days_old=30&content-type=application/json
38,http://api.adzuna.com/v1/api/jobs/fr/search/39?app_id=37fe08af&app_key=17c1369ea8fb68bc48f834aebc0bec53&results_per_page=25&title_only=data%20engineer&max_days_old=30&content-type=application/json
39,http://api.adzuna.com/v1/api/jobs/fr/search/40?app_id=37fe08af&app_key=17c1369ea8fb68bc48f834aebc0bec53&results_per_page=25&title_only=data%20engineer&max_days_old=30&content-type=application/json
40,http://api.adzuna.com/v1/api/jobs/fr/search/41?app_id=37fe08af&app_key=17c1369ea8fb68bc48f834aebc0bec53&results_per_page=25&title_only=data%20engineer&max_days_old=30&content-type=application/json
41,http://api.adzuna.com/v1/api/jobs/fr/search/42?app_id=37fe08af&app_key=17c1369ea8fb68bc48f834aebc0bec53&results_per_page=25&title_only=data%20engineer&max_days_old=30&content-type=application/json
42,http://api.adzuna.com/v1/api/jobs/fr/search/43?app_id=37fe08af&app_key=17c1369ea8fb68bc48f834aebc0bec53&results_per_page=25&title_only=data%20engineer&max_days_old=30&content-type=application/json
43,http://api.adzuna.com/v1/api/jobs/fr/search/44?app_id=37fe08af&app_key=17c1369ea8fb68bc48f834aebc0bec53&results_per_page=25&title_only=data%20engineer&max_days_old=30&content-type=application/json
44,http://api.adzuna.com/v1/api/jobs/fr/search/45?app_id=37fe08af&app_key=17c1369ea8fb68bc48f834aebc0bec53&results_per_page=25&title_only=data%20engineer&max_days_old=30&content-type=application/json
45,http://api.adzuna.com/v1/api/jobs/fr/search/46?app_id=37fe08af&app_key=17c1369ea8fb68bc48f834aebc0bec53&results_per_page=25&title_only=data%20engineer&max_days_old=30&content-type=application/json
46,http://api.adzuna.com/v1/api/jobs/fr/search/47?app_id=37fe08af&app_key=17c1369ea8fb68bc48f834aebc0bec53&results_per_page=25&title_only=data%20engineer&max_days_old=30&content-type=application/json
47,http://api.adzuna.com/v1/api/jobs/fr/search/48?app_id=37fe08af&app_key=17c1369ea8fb68bc48f834aebc0bec53&results_per_page=25&title_only=data%20engineer&max_days_old=30&content-type=application/json
48,http://api.adzuna.com/v1/api/jobs/fr/search/49?app_id=37fe08af&app_key=17c1369ea8fb68bc48f834aebc0bec53&results_per_page=25&title_only=data%20engineer&max_days_old=30&content-type=application/json
49,http://api.adzuna.com/v1/api/jobs/fr/search/50?app_id=37fe08af&app_key=17c1369ea8fb68bc48f834aebc0bec53&results_per_page=25&title_only=data%20engineer&max_days_old=30&content-type=application/json
50,http://api.adzuna.com/v1/api/jobs/fr/search/51?app_id=37fe08af&app_key=17c1369ea8fb68bc48f834aebc0bec53&results_per_page=25&title_only=data%20engineer&max_days_old=30&content-type=application/json
51,http://api.adzuna.com/v1/api/jobs/fr/search/52?app_id=37fe08af&app_key=17c1369ea8fb68bc48f834aebc0bec53&results_per_page=25&title_only=data%20engineer&max_days_old=30&content-type=application/json
52,http://api.adzuna.com/v1/api/jobs/fr/search/53?app_id=37fe08af&app_key=17c1369ea8fb68bc48f834aebc0bec53&results_per_page=25&title_only=data%20engineer&max_days_old=30&content-type=application/json
53,http://api.adzuna.com/v1/api/jobs/fr/search/54?app_id=37fe08af&app_key=17c1369ea8fb68bc48f834aebc0bec53&results_per_page=25&title_only=data%20engineer&max_days_old=30&content-type=application/json
54,http://api.adzuna.com/v1/api/jobs/fr/search/55?app_id=37fe08af&app_key=17c1369ea8fb68bc48f834aebc0bec53&results_per_page=25&title_only=data%20engineer&max_days_old=30&content-type=application/json
55,http://api.adzuna.com/v1/api/jobs/fr/search/56?app_id=37fe08af&app_key=17c1369ea8fb68bc48f834aebc0bec53&results_per_page=25&title_only=data%20engineer&max_days_old=30&content-type=application/json
56,http://api.adzuna.com/v1/api/jobs/fr/search/57?app_id=37fe08af&app_key=17c1369ea8fb68bc48f834aebc0bec53&results_per_page=25&title_only=data%20engineer&max_days_old=30&content-type=application/json
57,http://api.adzuna.com/v1/api/jobs/fr/search/58?app_id=37fe08af&app_key=17c1369ea8fb68bc48f834aebc0bec53&results_per_page=25&title_only=data%20engineer&max_days_old=30&content-type=application/json
58,http://api.adzuna.com/v1/api/jobs/fr/search/59?app_id=37fe08af&app_key=17c1369ea8fb68bc48f834aebc0bec53&results_per_page=25&title_only=data%20engineer&max_days_old=30&content-type=application/json
59,http://api.adzuna.com/v1/api/jobs/fr/search/60?app_id=37fe08af&app_key=17c1369ea8fb68bc48f834aebc0bec53&results_per_page=25&title_only=data%20engineer&max_days_old=30&content-type=application/json
60,http://api.adzuna.com/v1/api/jobs/fr/search/61?app_id=37fe08af&app_key=17c1369ea8fb68bc48f834aebc0bec53&results_per_page=25&title_only=data%20engineer&max_days_old=30&content-type=application/json
61,http://api.adzuna.com/v1/api/jobs/fr/search/62?app_id=37fe08af&app_key=17c1369ea8fb68bc48f834aebc0bec53&results_per_page=25&title_only=data%20engineer&max_days_old=30&content-type=application/json
62,http://api.adzuna.com/v1/api/jobs/fr/search/63?app_id=37fe08af&app_key=17c1369ea8fb68bc48f834aebc0bec53&results_per_page=25&title_only=data%20engineer&max_days_old=30&content-type=application/json
63,http://api.adzuna.com/v1/api/jobs/fr/search/64?app_id=37fe08af&app_key=17c1369ea8fb68bc48f834aebc0bec53&results_per_page=25&title_only=data%20engineer&max_days_old=30&content-type=application/json
64,http://api.adzuna.com/v1/api/jobs/fr/search/65?app_id=37fe08af&app_key=17c1369ea8fb68bc48f834aebc0bec53&results_per_page=25&title_only=data%20engineer&max_days_old=30&content-type=application/json
65,http://api.adzuna.com/v1/api/jobs/fr/search/66?app_id=37fe08af&app_key=17c1369ea8fb68bc48f834aebc0bec53&results_per_page=25&title_only=data%20engineer&max_days_old=30&content-type=application/json
66,http://api.adzuna.com/v1/api/jobs/fr/search/67?app_id=37fe08af&app_key=17c1369ea8fb68bc48f834aebc0bec53&results_per_page=25&title_only=data%20engineer&max_days_old=30&content-type=application/json
67,http://api.adzuna.com/v1/api/jobs/fr/search/68?app_id=37fe08af&app_key=17c1369ea8fb68bc48f834aebc0bec53&results_per_page=25&title_only=data%20engineer&max_days_old=30&content-type=application/json
68,http://api.adzuna.com/v1/api/jobs/fr/search/69?app_id=37fe08af&app_key=17c1369ea8fb68bc48f834aebc0bec53&results_per_page=25&title_only=data%20engineer&max_days_old=30&content-type=application/json
69,http://api.adzuna.com/v1/api/jobs/fr/search/70?app_id=37fe08af&app_key=17c1369ea8fb68bc48f834aebc0bec53&results_per_page=25&title_only=data%20engineer&max_days_old=30&content-type=application/json
70,http://api.adzuna.com/v1/api/jobs/fr/search/71?app_id=37fe08af&app_key=17c1369ea8fb68bc48f834aebc0bec53&results_per_page=25&title_only=data%20engineer&max_days_old=30&content-type=application/json
71,http://api.adzuna.com/v1/api/jobs/fr/search/72?app_id=37fe08af&app_key=17c1369ea8fb68bc48f834aebc0bec53&results_per_page=25&title_only=data%20engineer&max_days_old=30&content-type=application/json
72,http://api.adzuna.com/v1/api/jobs/fr/search/73?app_id=37fe08af&app_key=17c1369ea8fb68bc48f834aebc0bec53&results_per_page=25&title_only=data%20engineer&max_days_old=30&content-type=application/json
73,http://api.adzuna.com/v1/api/jobs/fr/search/74?app_id=37fe08af&app_key=17c1369ea8fb68bc48f834aebc0bec53&results_per_page=25&title_only=data%20engineer&max_days_old=30&content-type=application/json
74,http://api.adzuna.com/v1/api/jobs/fr/search/75?app_id=37fe08af&app_key=17c1369ea8fb68bc48f834aebc0bec53&results_per_page=25&title_only=data%20engineer&max_days_old=30&content-type=application/json
75,http://api.adzuna.com/v1/api/jobs/fr/search/76?app_id=37fe08af&app_key=17c1369ea8fb68bc48f834aebc0bec53&results_per_page=25&title_only=data%20engineer&max_days_old=30&content-type=application/json
76,http://api.adzuna.com/v1/api/jobs/fr/search/77?app_id=37fe08af&app_key=17c1369ea8fb68bc48f834aebc0bec53&results_per_page=25&title_only=data%20engineer&max_days_old=30&content-type=application/json
77,http://api.adzuna.com/v1/api/jobs/fr/search/78?app_id=37fe08af&app_key=17c1369ea8fb68bc48f834aebc0bec53&results_per_page=25&title_only=data%20engineer&max_days_old=30&content-type=application/json
78,http://api.adzuna.com/v1/api/jobs/fr/search/79?app_id=37fe08af&app_key=17c1369ea8fb68bc48f834aebc0bec53&results_per_page=25&title_only=data%20engineer&max_days_old=30&content-type=application/json
79,http://api.adzuna.com/v1/api/jobs/fr/search/80?app_id=37fe08af&app_key=17c1369ea8fb68bc48f834aebc0bec53&results_per_page=25&title_only=data%20engineer&max_days_old=30&content-type=application/json
80,http://api.adzuna.com/v1/api/jobs/fr/search/81?app_id=37fe08af&app_key=17c1369ea8fb68bc48f834aebc0bec53&results_per_page=25&title_only=data%20engineer&max_days_old=30&content-type=application/json
81,http://api.adzuna.com/v1/api/jobs/fr/search/82?app_id=37fe08af&app_key=17c1369ea8fb68bc48f834aebc0bec53&results_per_page=25&title_only=data%20engineer&max_days_old=30&content-type=application/json
82,http://api.adzuna.com/v1/api/jobs/fr/search/83?app_id=37fe08af&app_key=17c1369ea8fb68bc48f834aebc0bec53&results_per_page=25&title_only=data%20engineer&max_days_old=30&content-type=application/json
83,http://api.adzuna.com/v1/api/jobs/fr/search/84?app_id=37fe08af&app_key=17c1369ea8fb68bc48f834aebc0bec53&results_per_page=25&title_only=data%20engineer&max_days_old=30&content-type=application/json
84,http://api.adzuna.com/v1/api/jobs/fr/search/85?app_id=37fe08af&app_key=17c1369ea8fb68bc48f834aebc0bec53&results_per_page=25&title_only=data%20engineer&max_days_old=30&content-type=application/json
85,http://api.adzuna.com/v1/api/jobs/fr/search/86?app_id=37fe08af&app_key=17c1369ea8fb68bc48f834aebc0bec53&results_per_page=25&title_only=data%20engineer&max_days_old=30&content-type=application/json
86,http://api.adzuna.com/v1/api/jobs/fr/search/87?app_id=37fe08af&app_key=17c1369ea8fb68bc48f834aebc0bec53&results_per_page=25&title_only=data%20engineer&max_days_old=30&content-type=application/json
87,http://api.adzuna.com/v1/api/jobs/fr/search/88?app_id=37fe08af&app_key=17c1369ea8fb68bc48f834aebc0bec53&results_per_page=25&title_only=data%20engineer&max_days_old=30&content-type=application/json
88,http://api.adzuna.com/v1/api/jobs/fr/search/89?app_id=37fe08af&app_key=17c1369ea8fb68bc48f834aebc0bec53&results_per_page=25&title_only=data%20engineer&max_days_old=30&content-type=application/json
89,http://api.adzuna.com/v1/api/jobs/fr/search/90?app_id=37fe08af&app_key=17c1369ea8fb68bc48f834aebc0bec53&results_per_page=25&title_only=data%20engineer&max_days_old=30&content-type=application/json
90,http://api.adzuna.com/v1/api/jobs/fr/search/91?app_id=37fe08af&app_key=17c1369ea8fb68bc48f834aebc0bec53&results_per_page=25&title_only=data%20engineer&max_days_old=30&content-type=application/json
91,http://api.adzuna.com/v1/api/jobs/fr/search/92?app_id=37fe08af&app_key=17c1369ea8fb68bc48f834aebc0bec53&results_per_page=25&title_only=data%20engineer&max_days_old=30&content-type=application/json
92,http://api.adzuna.com/v1/api/jobs/fr/search/93?app_id=37fe08af&app_key=17c1369ea8fb68bc48f834aebc0bec53&results_per_page=25&title_only=data%20engineer&max_days_old=30&content-type=application/json
93,http://api.adzuna.com/v1/api/jobs/fr/search/94?app_id=37fe08af&app_key=17c1369ea8fb68bc48f834aebc0bec53&results_per_page=25&title_only=data%20engineer&max_days_old=30&content-type=application/json
94,http://api.adzuna.com/v1/api/jobs/fr/search/95?app_id=37fe08af&app_key=17c1369ea8fb68bc48f834aebc0bec53&results_per_page=25&title_only=data%20engineer&max_days_old=30&content-type=application/json
95,http://api.adzuna.com/v1/api/jobs/fr/search/96?app_id=37fe08af&app_key=17c1369ea8fb68bc48f834aebc0bec53&results_per_page=25&title_only=data%20engineer&max_days_old=30&content-type=application/json
96,http://api.adzuna.com/v1/api/jobs/fr/search/97?app_id=37fe08af&app_key=17c1369ea8fb68bc48f834aebc0bec53&results_per_page=25&title_only=data%20engineer&max_days_old=30&content-type=application/json
97,http://api.adzuna.com/v1/api/jobs/fr/search/98?app_id=37fe08af&app_key=17c1369ea8fb68bc48f834aebc0bec53&results_per_page=25&title_only=data%20engineer&max_days_old=30&content-type=application/json
98,http://api.adzuna.com/v1/api/jobs/fr/search/99?app_id=37fe08af&app_key=17c1369ea8fb68bc48f834aebc0bec53&results_per_page=25&title_only=data%20engineer&max_days_old=30&content-type=application/json
